1,https://stackoverflow.com/questions/66796429/how-to-load-rsa-public-key-in-pkcs-1-asn-1-der-form,,Botan
2,https://stackoverflow.com/questions/63840459/where-are-the-passhash9-algorithm-from,,Botan
3,https://stackoverflow.com/questions/65019087/nmake-is-not-recognized-as-an-internal-or-external-command,,Botan
4,https://stackoverflow.com/questions/64337871/botan-c-encrypting-with-aes-using-a-key-size-larger-than-32-bytes,,Botan
5,https://stackoverflow.com/questions/63678081/botan-mc-eliece-implementation-fails-because-of-deprecated-implementation-exampl,,Botan
6,https://stackoverflow.com/questions/63320226/botan-autoseeded-rng-can-not-be-initialized-unknown-reference-although-libs-ar,,Botan
7,https://stackoverflow.com/questions/60788004/unable-to-build-botan-for-android-on-windows,,Botan
8,https://stackoverflow.com/questions/57542040/how-to-encrypt-data-using-botan-library-and-a-specific-cipher-suite,,Botan
9,https://stackoverflow.com/questions/56708485/sha1rsa-help-using-botan-in-c,,Botan
10,https://stackoverflow.com/questions/57494986/stdbad-alloc-using-botan-for-pkcs11,,Botan
11,https://stackoverflow.com/questions/57309574/setting-up-botan-in-visual-c,,Botan
12,https://stackoverflow.com/questions/57370491/extracting-public-key-from-private-key-using-botan,,Botan
13,https://stackoverflow.com/questions/42819201/using-botan-library-with-eclispse,,Botan
14,https://stackoverflow.com/questions/52081449/vcpkg-cmake-does-not-find-botan,,Botan
15,https://stackoverflow.com/questions/56285868/compile-error-botan-library-on-windows-with-msvc,,Botan
16,https://stackoverflow.com/questions/51181330/using-botan-c-in-qt-to-encrypt-files,,Botan
17,https://stackoverflow.com/questions/46551943/how-do-i-solve-the-issue-no-module-name-botan,,Botan
18,https://stackoverflow.com/questions/9658760/output-botan-encryption-results-to-a-qdomdocument-and-vice-versa,,Botan
19,https://stackoverflow.com/questions/46764715/what-do-i-wrong-botan-qt-shell-decrypting,,Botan
20,https://stackoverflow.com/questions/43929771/invalid-argument-aes-128-xts-cannot-accept-a-key-of-length-16,,Botan
21,https://stackoverflow.com/questions/13544426/botan-aes-256-32-bit-initialvector,,Botan
22,https://stackoverflow.com/questions/43931306/botan-aes-cbc-pkcs7-encryption-and-decryption,,Botan
23,https://stackoverflow.com/questions/41538699/why-does-botan-ask-for-a-random-number-generator-that-it-ignores-for-compatibili,,Botan
24,https://stackoverflow.com/questions/35585855/encryption-and-decryption-corrupting-binary-files,,Botan
25,https://stackoverflow.com/questions/31802806/botan-compile-error-vs2015,,Botan
1,https://stackoverflow.com/questions/66942257/convert-elliptic-curve-private-key-to-unencrypted-pkcs8-format,,bouncycastle
2,https://stackoverflow.com/questions/66568818/configuring-embedded-tomcat-to-serve-fips-compliant-http2-with-bouncycastle,,bouncycastle
3,https://stackoverflow.com/questions/66500482/curve25519-public-key-is-309-bytes-and-private-key-is-587-shouldnt-it-be-32-by,,bouncycastle
4,https://stackoverflow.com/questions/66476780/sign-verify-json-using-ed25519-keys-with-bouncy-castle-java,,bouncycastle
5,https://stackoverflow.com/questions/66370462/how-to-decrypt-data-using-the-bouncycastle-blowfish-implementation,,bouncycastle
6,https://stackoverflow.com/questions/66275367/how-to-read-a-secretkey-from-a-p12-file,,bouncycastle
7,https://stackoverflow.com/questions/66158801/how-to-cbc-blowfish-encrypt-with-non-hex-iv,,bouncycastle
8,https://stackoverflow.com/questions/66034684/encrypt-and-decrypt-using-bouncy-gpg-and-pcks12-key,,bouncycastle
9,https://stackoverflow.com/questions/66002291/encrypt-data-with-cbc-blowfish-encryption-not-working,,bouncycastle
10,https://stackoverflow.com/questions/65957393/does-the-bouncy-castle-rsakeygenerationperameters-publicexponent-have-to-be-posi,,bouncycastle
11,https://stackoverflow.com/questions/65847188/importing-and-exporting-keys,,bouncycastle
12,https://stackoverflow.com/questions/65453193/how-to-decide-publickey-is-raw-bits-or-encoded-and-is-private-key-is-always-pkcs,,bouncycastle
13,https://stackoverflow.com/questions/65355150/read-ecc-private-key-pem-into-asymmetriccipherkeypair-c-sharp-bouncy-castle,,bouncycastle
14,https://stackoverflow.com/questions/65251794/encryption-decryption-with-bouncycastle-java-and-rsaes-oaep,,bouncycastle
15,https://stackoverflow.com/questions/6987699/pgp-encryption-and-decryption-using-bouncycastle-c-sharp,,bouncycastle
16,https://stackoverflow.com/questions/67154533/how-to-generating-key-pair-from-private-key-using-bouncy-castle,,bouncycastle
17,https://stackoverflow.com/questions/64614376/installing-the-bouncy-castle-provider-in-java-version-15-0-1,,bouncycastle
18,https://stackoverflow.com/questions/24137463/how-to-load-public-certificate-from-pem-file,,bouncycastle
19,https://stackoverflow.com/questions/13733260/generate-dsa-elgamal-key-pair-with-bouncy-castle-that-imports-in-gpg-without-err,,bouncycastle
20,https://stackoverflow.com/questions/66370462/how-to-decrypt-data-using-the-bouncycastle-blowfish-implementation,,bouncycastle
21,https://stackoverflow.com/questions/12796903/using-bouncy-castle-to-extract-certificate-information-from-android,,bouncycastle
22,https://stackoverflow.com/questions/3169829/signing-a-string-with-rsa-private-key-on-net,,bouncycastle
23,https://stackoverflow.com/questions/8908206/how-to-check-if-private-public-key-pair-match-using-net-bouncycastle,,bouncycastle
24,https://stackoverflow.com/questions/33218674/how-to-make-a-bouncy-castle-ecpublickey,,bouncycastle
25,https://stackoverflow.com/questions/14930381/generating-x509-certificate-using-bouncy-castle-java,,bouncycastle
1,https://stackoverflow.com/questions/27781552/how-to-use-cchmac-in-ios,,commoncrypto
2,https://stackoverflow.com/questions/37680361/aes-encryption-in-swift,,commoncrypto
3,https://stackoverflow.com/questions/21724337/signing-and-verifying-on-ios-using-rsa,,commoncrypto
4,https://stackoverflow.com/questions/34855741/how-to-encrypt-using-aes-gcm-on-ios,,commoncrypto
5,https://stackoverflow.com/questions/40336819/how-to-use-commoncrypto-for-pbkdf2-in-swift-2-3,,commoncrypto
6,https://stackoverflow.com/questions/24099520/commonhmac-in-swift,,commoncrypto
7,https://stackoverflow.com/questions/54240450/kingfisher-no-such-module-commoncrypto,,commoncrypto
8,https://stackoverflow.com/questions/42934154/how-can-i-hash-a-file-on-ios-using-swift-3,,commoncrypto
9,https://stackoverflow.com/questions/25248598/importing-commoncrypto-in-a-swift-framework,,commoncrypto
10,https://stackoverflow.com/questions/32696551/converting-objective-c-code-to-swift,,commoncrypto
11,https://stackoverflow.com/questions/25754147/issue-using-cccrypt-commoncrypt-in-swift,,commoncrypto
12,https://stackoverflow.com/questions/62586164/decryption-aes-gcm-pkcs5padding-ios-swift,,commoncrypto
13,https://stackoverflow.com/questions/56782301/commoncrypto-in-ios-producing-different-results-to-openssl-command-line,,commoncrypto
14,https://stackoverflow.com/questions/42935148/swift-calculate-md5-checksum-for-large-files,,commoncrypto
15,https://stackoverflow.com/questions/35749197/how-to-use-common-crypto-and-or-calculate-sha256-in-swift-2-3,,commoncrypto
16,https://stackoverflow.com/questions/25691613/swift-how-to-call-cckeyderivationpbkdf-from-swift,,commoncrypto
17,https://stackoverflow.com/questions/44731985/swift-3-import-commoncrypto,,commoncrypto
18,https://stackoverflow.com/questions/44044816/decrypting-des-with-commoncrypto-in-swift-3,,commoncrypto
19,https://stackoverflow.com/questions/43200983/des-ecb-nopadding-in-swift-3-1-using-common-crypto,,commoncrypto
20,https://stackoverflow.com/questions/8895290/encryption-of-the-audio-file-in-iphone,,commoncrypto
21,https://stackoverflow.com/questions/50448311/data-signed-on-ios-cant-be-verified-in-java,,commoncrypto
22,https://stackoverflow.com/questions/46894227/no-such-module-common-crypto,,commoncrypto
23,https://stackoverflow.com/questions/48688272/aes128-ctr-encryption-with-iv,,commoncrypto
24,https://stackoverflow.com/questions/37700597/how-to-generate-hash-key-by-predefine-phrase-and-salt-value-in-ios,,commoncrypto
25,https://stackoverflow.com/questions/37961188/swift-commoncrypto-adding-error,,commoncrypto
1,https://stackoverflow.com/questions/67390581/crypto-hash-generation-hangs-on-windows-10,,crypto++
2,https://stackoverflow.com/questions/9833532/raw-rsa-encryption-and-decryption-with-crypto,,crypto++
3,https://stackoverflow.com/questions/67575980/c-crypto-and-c-encryption-matching,,crypto++
4,https://stackoverflow.com/questions/12306956/example-of-aes-using-crypto,,crypto++
5,https://stackoverflow.com/questions/66354748/length-extension-attack-doubts,,crypto++
6,https://stackoverflow.com/questions/66187717/cryptopp-generates-invalid-keys-rsa,,crypto++
7,https://stackoverflow.com/questions/65963888/sha512-hash-in-crypto-library-throws-exception,,crypto++
8,https://stackoverflow.com/questions/64334300/linking-crypto-fails-when-building-a-c-project-using-cmake,,crypto++
9,https://stackoverflow.com/questions/58414050/concatenate-iv-and-data-in-base64-string-using-crypto,,crypto++
10,https://stackoverflow.com/questions/48783809/ecdsa-sign-with-bouncycastle-and-verify-with-crypto,,crypto++
11,https://stackoverflow.com/questions/63738572/aes-iv-into-file-with-filesource-and-filesink,,crypto++
12,https://stackoverflow.com/questions/41700910/encrypt-with-crypto-and-decrypt-with-python-crypto,,crypto++
13,https://stackoverflow.com/questions/63502237/what-is-the-fastest-sha1-implementation,,crypto++
14,https://stackoverflow.com/questions/49529167/crypto-library-link-error-using-visual-studio-2017,,crypto++
15,https://stackoverflow.com/questions/59507710/how-to-encrypt-decrypt-data-using-rsa-oaep-sha-256-in-crypto,,crypto++
16,https://stackoverflow.com/questions/59323973/aes-ctr-decryption-stops-unexpectedly-using-crypto,,crypto++
17,https://stackoverflow.com/questions/33753293/using-stdstring-for-key-with-aes-encryption-in-crypto,,crypto++
18,https://stackoverflow.com/questions/59006250/berdecodeerror-when-trying-to-verify-a-signature-using-a-public-key,,crypto++
19,https://stackoverflow.com/questions/27315687/creation-of-ecdsa-public-key-given-curve-and-public-point,,crypto++
20,https://stackoverflow.com/questions/58493934/how-to-sign-a-file-via-crypto-and-rsa,,crypto++
21,https://stackoverflow.com/questions/58482869/what-is-the-correct-way-to-use-ecdsa-in-crypto,,crypto++
22,https://stackoverflow.com/questions/57151890/hash-output-as-byte-instead-of-stdstring,,crypto++
23,https://stackoverflow.com/questions/57509819/crypto-berdecode-exception-when-importing-key-from-memory,,crypto++
24,https://stackoverflow.com/questions/57667739/crypto-crc32-linker-err%c3%b3r,,crypto++
25,https://stackoverflow.com/questions/58123211/crypto-cfb-mode-externalcipher-not-working,,crypto++
1,https://stackoverflow.com/questions/66602279/pfxexportcertstoreex-api-not-exporting-private-key-to-pfx-file,,cryptoAPI
2,https://stackoverflow.com/questions/66477484/can-we-generate-bcrypt-scrypt-argon2-hash-password-using-cng-windows-crypto,,cryptoAPI
3,https://stackoverflow.com/questions/64519072/how-to-import-a-pkcs8-with-cryptoapi,,cryptoAPI
4,https://stackoverflow.com/questions/59896906/certmgr-self-signed-certificate-without-private-key-is-not-updated,,cryptoAPI
5,https://stackoverflow.com/questions/61094180/why-cert-in-certificate-store-doesnt-have-private-key-property,,cryptoAPI
6,https://stackoverflow.com/questions/61350156/generate-a-crypoapi-capi-private-key,,cryptoAPI
7,https://stackoverflow.com/questions/56484990/how-to-create-a-symmetric-key-for-cryptdecrypt-using-raw-hex-key-values-in-windo,,cryptoAPI
8,https://stackoverflow.com/questions/56530195/what-is-wrong-with-this-simple-code-meant-to-decrypt-with-aes-256-bit-key-using,,cryptoAPI
9,https://stackoverflow.com/questions/57106715/incorrect-output-when-decoding-rsa-string,,cryptoAPI
10,https://stackoverflow.com/questions/53916000/translate-windows-cryptoapi-salt-and-hash-to-php,,cryptoAPI
11,https://stackoverflow.com/questions/51293419/aes128-with-cryptoapi,,cryptoAPI
12,https://stackoverflow.com/questions/50795106/use-key-certificate-on-ukey-to-sign-data,,cryptoAPI
13,https://stackoverflow.com/questions/50445252/ecdsa-signing-in-c-sharp-verify-in-c,,cryptoAPI
14,https://stackoverflow.com/questions/32933411/cryptoapi-rsa-cryptdecrypt-decrypts-only-at-the-first-time-other-calls-return,,cryptoAPI
15,https://stackoverflow.com/questions/42887830/how-csp-find-the-private-key-of-certificate-to-perform-cryptographic-operations,,cryptoAPI
16,https://stackoverflow.com/questions/57624159/delphi-cryptoapi-how-to-calculate-hmac-sha512-hash,,cryptoAPI
17,https://stackoverflow.com/questions/441194/does-microsoft-provides-a-pkcs-11-provider-that-connects-to-its-own-ms-cryptoap,,cryptoAPI
18,https://stackoverflow.com/questions/1231178/load-an-pem-encoded-x-509-certificate-into-windows-cryptoapi,,cryptoAPI
19,https://stackoverflow.com/questions/56530195/what-is-wrong-with-this-simple-code-meant-to-decrypt-with-aes-256-bit-key-using,,cryptoAPI
20,https://stackoverflow.com/questions/55151904/how-to-get-the-public-key-from-a-certificate-in-windows-system-certstore,,cryptoAPI
21,https://stackoverflow.com/questions/40297283/how-to-get-a-hcryptkey-from-x-509-certificate,,cryptoAPI
22,https://stackoverflow.com/questions/51293419/aes128-with-cryptoapi,,cryptoAPI
23,https://stackoverflow.com/questions/25822745/using-sha2-512-calg-sha-512-on-windows-7-returns-invalid-algorithm-specified,,cryptoAPI
24,https://stackoverflow.com/questions/41384395/wrong-result-for-base64-string-of-hmac-sha1-using-crypto-api,,cryptoAPI
25,https://stackoverflow.com/questions/45531141/how-to-automaticaly-export-windows-root-certificates-to-a-file,,cryptoAPI
1,https://stackoverflow.com/questions/67787691/convert-php-openssl-encrypt-with-md5-to-nodejs-using-crypto,,cryptoJS
2,https://stackoverflow.com/questions/67786172/decoding-aes-ctr-messages-in-node-red,,cryptoJS
3,https://stackoverflow.com/questions/67748565/js-subtlecrypto-rsa-encrypt-and-decrypt,,cryptoJS
4,https://stackoverflow.com/questions/65041115/generate-rfc2898derivebytes-key-in-javascript-from-c-sharp,,cryptoJS
5,https://stackoverflow.com/questions/67682286/i-cannot-decrypt-message-encrypted-in-cryptojs-whose-encryption-was-done-in-xyc,,cryptoJS
6,https://stackoverflow.com/questions/67685779/decrypt-java-aes-cbc-pkcs5padding-with-cryptojs,,cryptoJS
7,https://stackoverflow.com/questions/22607791/aes-encryption-using-java-and-decryption-using-javascript,,cryptoJS
8,https://stackoverflow.com/questions/57416217/cryptojs-encrypt-in-aes-256-cbc-returns-an-unexpected-value,,cryptoJS
9,https://stackoverflow.com/questions/53894466/cryptojs-aes-128-ecb-and-php-openssl-encrypt-dont-match,,cryptoJS
10,https://stackoverflow.com/questions/26486152/cryptojs-encrypts-aes-with-passphrase-but-php-decrypt-needs-a-key,,cryptoJS
11,https://stackoverflow.com/questions/66725781/nodejs-crypto-publicencrypt-would-not-take-public-key-generated-by-ssh-keygen,,cryptoJS
12,https://stackoverflow.com/questions/66506206/decryption-works-using-php-openssl-and-not-working-using-javascript-cryptojs,,cryptoJS
13,https://stackoverflow.com/questions/66651609/how-can-i-convert-sha-512-hash-in-java-to-its-node-js-equivalent,,cryptoJS
14,https://stackoverflow.com/questions/66274600/how-to-decrypt-aes-128-cbc-by-crypto-js,,cryptoJS
15,https://stackoverflow.com/questions/29512858/cryptojs-and-key-iv-length,,cryptoJS
16,https://stackoverflow.com/questions/66125866/cryptojs-and-openssl-decrypt-not-produce-same-result,,cryptoJS
17,https://stackoverflow.com/questions/32507094/issue-encrypting-with-php-openssl-encrypt-then-decrypting-with-js-cryptojs,,cryptoJS
18,https://stackoverflow.com/questions/62578705/decrypt-openssl-aes-256-cbc-in-browser-cryptojs,,cryptoJS
19,https://stackoverflow.com/questions/45068925/how-to-use-cryptojs-with-angular-4,,cryptoJS
20,https://stackoverflow.com/questions/33660331/crypto-js-decrypt-with-key-and-iv-vector-in-byte-arrays,,cryptoJS
21,https://stackoverflow.com/questions/65332716/how-to-encrypt-with-cryptojs-and-decrypt-with-rust-magic-crypt,,cryptoJS
22,https://stackoverflow.com/questions/31646564/cant-decrypt-password-using-cryptojs,,cryptoJS
23,https://stackoverflow.com/questions/64772232/openssl-encrypt-decrypt-with-cryptojs,,cryptoJS
24,https://stackoverflow.com/questions/64552644/why-do-i-get-the-same-hash-for-different-pdf-files-using-crypto-js,,cryptoJS
25,https://stackoverflow.com/questions/27677236/encryption-in-javascript-and-decryption-with-php,,cryptoJS
1,https://stackoverflow.com/questions/67686184/jasypt-how-to-decrypt-the-digested-string-using-standardbytedigester,,jasypt
2,https://stackoverflow.com/questions/55070513/how-to-easily-encrypt-and-decrypt-a-string-using-tink,,jasypt
3,https://stackoverflow.com/questions/67179443/secretkeyfactory-not-available-jasypt,,jasypt
4,https://stackoverflow.com/questions/53296591/jasypt-not-able-to-decrypt-password-from-system-environment-variable-with-spring,,jasypt
5,https://stackoverflow.com/questions/63114412/java-jasypt-suddenly-crashes,,jasypt
6,https://stackoverflow.com/questions/64613634/springboot-application-performance-affected-after-adding-jasypt-encryption-depen,,jasypt
7,https://stackoverflow.com/questions/57120378/jasypt-encryption-successful-but-decryption-fails-for-stronger-algorithms,,jasypt
8,https://stackoverflow.com/questions/62534017/implement-pbewithhmacsha512andaes-256-of-java-jasypt-in-python,,jasypt
9,https://stackoverflow.com/questions/61462535/jasypt-encryption-stops-working-after-upgrade-to-jdk-7u261,,jasypt
10,https://stackoverflow.com/questions/4012713/string-encryption-with-jasypt-library,,jasypt
11,https://stackoverflow.com/questions/22067552/decrypt-using-jasypt,,jasypt
12,https://stackoverflow.com/questions/20176040/why-set-a-password-using-jasypt-when-encrypting-text,,jasypt
13,https://stackoverflow.com/questions/18104127/receiving-nullpointerexception-while-using-jasypt-and-spring-security-3-1,,jasypt
14,https://stackoverflow.com/questions/29517807/jasypt-and-asymmetric-encryption,,jasypt
15,https://stackoverflow.com/questions/20497292/command-line-jasypt-client-encryption-operation-not-possible,,jasypt
16,https://stackoverflow.com/questions/59590633/unable-to-decrypt-error-using-jasypt-with-spring-boot,,jasypt
17,https://stackoverflow.com/questions/38384232/spring-boot-not-loading-correct-jasypt-application-properties-for-environment,,jasypt
18,https://stackoverflow.com/questions/57213441/what-are-the-differences-between-these-three-in-jasypt,,jasypt
19,https://stackoverflow.com/questions/54316758/using-encrypted-password-for-database-connection-in-spring-boot-web-application,,jasypt
20,https://stackoverflow.com/questions/54365800/what-are-the-default-values-used-for-standardpbestringencryptor-class,,jasypt
21,https://stackoverflow.com/questions/47675575/jasypt-how-secure-master-password,,jasypt
22,https://stackoverflow.com/questions/47887616/how-can-i-use-jasypt-for-spring-datasource-password-db-passwordabcd,,jasypt
23,https://stackoverflow.com/questions/44241278/is-jasypt-1-9-2-compatible-with-spring-4-3-8,,jasypt
24,https://stackoverflow.com/questions/29508661/jasypt-with-the-bouncy-castle-jce-sha512-encryption,,jasypt
25,https://stackoverflow.com/questions/43525936/default-algorithm-of-standardpbestringencryptor,,jasypt
1,https://stackoverflow.com/questions/4385373/jca-sample-implementations,,JCA
2,https://stackoverflow.com/questions/66962876/how-do-i-programmatically-install-a-certificate-to-the-windows-personal-certific,,JCA
3,https://stackoverflow.com/questions/58462033/file-encryption-with-the-java-cryptography-architecture-using-aes-with-a-128-bit,,JCA
4,https://stackoverflow.com/questions/57772858/signing-with-javax-crypto-cipher-vs-java-security-signature,,JCA
5,https://stackoverflow.com/questions/24494265/which-sun-provider-to-use-to-generate-an-rsa-key-pair-for-encrypting-ciphering,,JCA
6,https://stackoverflow.com/questions/36971421/java-jca-aes-encryption-detecting-if-message-was-tampered-with,,JCA
7,https://stackoverflow.com/questions/7525679/how-to-get-the-java-security-privatekey-object-from-rsa-privatekey-pem-file,,JCA
8,https://stackoverflow.com/questions/25844026/key-length-limit-with-java-cryptography-extension,,JCA
9,https://stackoverflow.com/questions/7659098/how-to-set-length-of-message-authentication-code-in-java-jce-jca,,JCA
10,https://stackoverflow.com/questions/11716733/reading-and-writing-to-java-keystore,,JCA
11,https://stackoverflow.com/questions/407990/check-the-signature-on-large-data-sets-efficiently-using-jca,,JCA
12,https://stackoverflow.com/questions/2856248/nosuchalgorithmexception-algorithm-hmacsha1-not-available,,JCA
13,https://stackoverflow.com/questions/38108972/no-java-folder-located-in-library-despite-jdk-installation,,JCA
14,https://stackoverflow.com/questions/66962876/how-do-i-programmatically-install-a-certificate-to-the-windows-personal-certific,,JCA
15,https://stackoverflow.com/questions/1756801/how-to-sign-a-custom-jce-security-provider,,JCA
16,https://stackoverflow.com/questions/6340918/trust-store-vs-key-store-creating-with-keytool,,JCA
17,https://stackoverflow.com/questions/64219736/how-to-derive-an-aes-256-bit-key-from-an-arbitary-byte-array-it-java,,JCA
18,https://stackoverflow.com/questions/5118168/rc5-encryption-and-decryption-of-data-using-jce,,JCA
19,https://stackoverflow.com/questions/63717001/how-to-correctly-encrypt-and-decrypt-a-file-using-a-secret-key-derived-from-a-pa,,JCA
20,https://stackoverflow.com/questions/62841553/how-can-i-configure-java-cryptography-extension-jce-in-openjdk-11,,JCA
21,https://stackoverflow.com/questions/16970302/reading-pkcs12-certificate-information,,JCA
22,https://stackoverflow.com/questions/3103652/hash-string-via-sha-256-in-java,,JCA
23,https://stackoverflow.com/questions/42211748/how-to-install-jce-for-jre-8-on-macos-sierra,,JCA
24,https://stackoverflow.com/questions/37741142/how-to-install-unlimited-strength-jce-for-java-8-in-os-x,,JCA
25,https://stackoverflow.com/questions/59037648/java-aes-in-cbc-and-cfb-modes-not-encrypting-properly-iv-not-respected,,JCA
1,https://stackoverflow.com/questions/42682340/unable-to-load-dynamic-library-php-libsodium,,libsodium
2,https://stackoverflow.com/questions/67251547/encryption-using-libsodium-and-need-to-generate-public-and-private-keys-using-cr,,libsodium
3,https://stackoverflow.com/questions/33007747/how-can-i-install-php-extension-libsodium-in-wampserver,,libsodium
4,https://stackoverflow.com/questions/48287186/sodium-is-not-loading-on-xampp-php-7-2,,libsodium
5,https://stackoverflow.com/questions/58134153/how-to-install-succesfully-libsodium-for-php7-2-on-centos7,,libsodium
6,https://stackoverflow.com/questions/61454457/problem-installing-sodium-package-in-r-on-an-ubuntu-system,,libsodium
7,https://stackoverflow.com/questions/51812991/simple-javascript-encryption-using-libsodium-js-in-this-sandbox-demo,,libsodium
8,https://stackoverflow.com/questions/64007933/github-api-secret-encryption-with-libsodium-in-node-js-unhandledpromiserejectio,,libsodium
9,https://stackoverflow.com/questions/34477643/how-to-encrypt-decrypt-aes-with-libsodium-php,,libsodium
10,https://stackoverflow.com/questions/47458873/php-libsodium-default-encryption-method,,libsodium
11,https://stackoverflow.com/questions/60580845/pseudo-random-number-generation-in-c-using-libsodium,,libsodium
12,https://stackoverflow.com/questions/59490307/how-to-encrypt-json-object-with-js-nacl-and-decrypt-with-php-libsodium,,libsodium
13,https://stackoverflow.com/questions/55667110/php-sodium-not-installed,,libsodium
14,https://stackoverflow.com/questions/59308861/nsec-cryptography-encrypt-and-decrypt-using-chacha20poly1305-and-sharedsecret,,libsodium
15,https://stackoverflow.com/questions/59161944/encrypt-on-frontend-sodium-plus-js-with-public-key-from-backend-php-sodium,,libsodium
16,https://stackoverflow.com/questions/48504510/php7-libsodium-and-common-encryption-algorithms,,libsodium
17,https://stackoverflow.com/questions/58414268/libsodium-dependency-in-cmake-doesnt-resolve-in-docker-container,,libsodium
18,https://stackoverflow.com/questions/57882569/install-libsodium-on-macos,,libsodium
19,https://stackoverflow.com/questions/57761141/decrypt-in-python-a-string-encrypted-in-php-with-halite-libsodium,,libsodium
20,https://stackoverflow.com/questions/56504079/length-of-return-from-php-libsodium-sodium-crypto-pwhash-str,,libsodium
21,https://stackoverflow.com/questions/55317493/libsodium-crypto-sign-open-returns-unsigned-message-adding-some-characters,,libsodium
22,https://stackoverflow.com/questions/32334111/can-i-do-aes-128-ecb-encryption-with-libsodium,,libsodium
23,https://stackoverflow.com/questions/52086193/libsodium-use-crypto-box-easy-to-encrypt-files,,libsodium
24,https://stackoverflow.com/questions/51786187/encrypt-decrypt-secret-key-authenticated-encryption-in-libsodium-beginner,,libsodium
25,https://stackoverflow.com/questions/32990390/how-does-libsodium-generate-a-keypair,,libsodium
1,https://stackoverflow.com/questions/5183672/how-do-i-update-a-python-package,,m2crypto
2,https://stackoverflow.com/questions/44597349/pip-install-m2crypto-error,,m2crypto
3,https://stackoverflow.com/questions/25110774/how-to-install-m2crypto-on-windows,,m2crypto
4,https://stackoverflow.com/questions/30700348/how-to-validate-verify-an-x509-certificate-chain-of-trust-in-python,,m2crypto
5,https://stackoverflow.com/questions/2466401/how-to-generate-ssh-key-pairs-with-python,,m2crypto
6,https://stackoverflow.com/questions/33005354/trouble-installing-m2crypto-with-pip-on-os-x-macos,,m2crypto
7,https://stackoverflow.com/questions/62089196/python-equivalent-of-password-encryption-from-rsa-key-java-code,,m2crypto
8,https://stackoverflow.com/questions/21342626/how-to-convert-from-x509-to-pkcs1-encoded-rsa-key,,m2crypto
9,https://stackoverflow.com/questions/852332/m2crypto-encrypt-decrypt-using-aes256,,m2crypto
10,https://stackoverflow.com/questions/3107036/how-do-i-install-m2crypto-on-ubuntu,,m2crypto
11,https://stackoverflow.com/questions/56486843/installing-m2crypto-in-a-docker-container,,m2crypto
12,https://stackoverflow.com/questions/7689941/how-can-i-retrieve-the-tls-ssl-peer-certificate-of-a-remote-host-using-python,,m2crypto
13,https://stackoverflow.com/questions/1677594/how-to-sign-a-document-in-python-with-m2crypto-using-particular-padding-techniqu,,m2crypto
14,https://stackoverflow.com/questions/7360654/create-self-signed-ssl-certificates-in-python,,m2crypto
15,https://stackoverflow.com/questions/48746163/python-m2crypto-installation-fails-in-fedora-26,,m2crypto
16,https://stackoverflow.com/questions/4380191/installing-m2crypto-on-centos,,m2crypto
17,https://stackoverflow.com/questions/47160654/m2crypto-bad-performance-to-decrypt-and-verify-big-email,,m2crypto
18,https://stackoverflow.com/questions/9892606/how-to-get-python-m2crypto-to-work-with-virtualenv,,m2crypto
19,https://stackoverflow.com/questions/13907841/implement-openssl-aes-encryption-in-python,,m2crypto
20,https://stackoverflow.com/questions/30825231/error-in-import-m2crypto,,m2crypto
21,https://stackoverflow.com/questions/10547332/install-m2crypto-on-a-virtualenv-without-system-packages,,m2crypto
22,https://stackoverflow.com/questions/2238128/how-to-verify-ecdsa-sha2-s-mime-signature-with-python,,m2crypto
23,https://stackoverflow.com/questions/20455393/how-to-make-m2crypto-work-with-aes128-cbc-pkcs7,,m2crypto
24,https://stackoverflow.com/questions/39161999/mdm-server-m2crypto-undefined-symbol-sslv2-method,,m2crypto
25,https://stackoverflow.com/questions/38225131/python-m2crypto-load-pub-key-from-string,,m2crypto
1,https://stackoverflow.com/questions/37522384/how-to-install-mcrypt-extension-in-xampp,,mcrypt
2,https://stackoverflow.com/questions/65086524/cannot-install-mcrypt-with-homebrew-and-php7-4,,mcrypt
3,https://stackoverflow.com/questions/47181369/how-to-install-mcrypt-on-docker,,mcrypt
4,https://stackoverflow.com/questions/29993399/use-of-undefined-constant-mcrypt-rijndael-128-assumed-mcrypt-rijndael-128,,mcrypt
5,https://stackoverflow.com/questions/60554989/how-can-i-install-a-pecl-extension-like-mcrypt-in-ddev-locals-web-container,,mcrypt
6,https://stackoverflow.com/questions/16830405/laravel-requires-the-mcrypt-php-extension,,mcrypt
7,https://stackoverflow.com/questions/47671108/docker-php-ext-install-mcrypt-missing-folder,,mcrypt
8,https://stackoverflow.com/questions/55678023/how-to-install-mcrypt-on-php-7-3-3-ubuntu,,mcrypt
9,https://stackoverflow.com/questions/23997121/lamp-laravel-errorexception-mcrypt-get-iv-size-module-initialization-failed,,mcrypt
10,https://stackoverflow.com/questions/63826701/aes-256-with-pkcs7-padding,,mcrypt
11,https://stackoverflow.com/questions/44074070/from-mcrypt-decrypt-to-openssl-decrypt,,mcrypt
12,https://stackoverflow.com/questions/42350165/openssl-equivalent-to-mcrypt-get-block-size,,mcrypt
13,https://stackoverflow.com/questions/27677236/encryption-in-javascript-and-decryption-with-php,,mcrypt
14,https://stackoverflow.com/questions/35798048/php-error-the-encrypt-library-requires-the-mcrypt-extension-in-codeigniter,,mcrypt
15,https://stackoverflow.com/questions/41181905/mcrypt-encrypt-to-openssl-encrypt-and-openssl-zero-padding-problems,,mcrypt
16,https://stackoverflow.com/questions/7314901/how-to-add-remove-pkcs7-padding-from-an-aes-encrypted-string,,mcrypt
17,https://stackoverflow.com/questions/41272257/mcrypt-is-deprecated-what-is-the-alternative,,mcrypt
18,https://stackoverflow.com/questions/34083470/how-can-i-install-mcrypt-under-php7-laravel-needs-it,,mcrypt
19,https://stackoverflow.com/questions/49323908/php-7-2-with-mcrypt-in-windows,,mcrypt
20,https://stackoverflow.com/questions/29509934/encrypt-with-cryptojs-and-decrypt-with-php,,mcrypt
21,https://stackoverflow.com/questions/2448256/encrypting-decrypting-file-with-mcrypt,,mcrypt
22,https://stackoverflow.com/questions/2604435/fatal-error-call-to-undefined-function-mcrypt-encrypt,,mcrypt
23,https://stackoverflow.com/questions/60110544/problem-installing-mcrypt-on-php-7-3-13-ubuntu,,mcrypt
24,https://stackoverflow.com/questions/42504777/enable-mcrypt-using-mamp,,mcrypt
25,https://stackoverflow.com/questions/24608625/use-of-undefined-constant-mcrypt-blowfish,,mcrypt
1,https://stackoverflow.com/questions/59049911/how-to-decrypt-triple-des-in-node-js,,node-crypto
2,https://stackoverflow.com/questions/37997354/evp-decryptfinal-exbad-decrypt-when-using-node-js,,node-crypto
3,https://stackoverflow.com/questions/66335231/node-crypto-instead-of-jsencrypt-for-encryption-with-public-key,,node-crypto
4,https://stackoverflow.com/questions/7480158/how-do-i-use-node-js-crypto-to-create-a-hmac-sha1-hash,,node-crypto
5,https://stackoverflow.com/questions/66879361/cannot-convert-php-openssl-iv-to-node-js,,node-crypto
6,https://stackoverflow.com/questions/66345848/how-to-create-openssl-encryption-and-decryption-equivalent-of-php-code-in-nodejs,,node-crypto
7,https://stackoverflow.com/questions/27970431/using-sha-256-with-nodejs-crypto,,node-crypto
8,https://stackoverflow.com/questions/6953286/how-to-encrypt-data-that-needs-to-be-decrypted-in-node-js,,node-crypto
9,https://stackoverflow.com/questions/65597823/how-to-generate-persist-and-load-keys-using-nodejs,,node-crypto
10,https://stackoverflow.com/questions/64962999/encode-with-crypto-js-and-decode-with-crypto-node,,node-crypto
11,https://stackoverflow.com/questions/64910819/node-js-crypto-createcipheriv-error-invalid-key-length,,node-crypto
12,https://stackoverflow.com/questions/8520973/how-to-create-a-pair-private-public-keys-using-node-js-crypto,,node-crypto
13,https://stackoverflow.com/questions/64209417/unable-to-decrypt-a-pdf-file-using-aes-256-cbc-algorithm-in-node-js,,node-crypto
14,https://stackoverflow.com/questions/63727331/how-to-get-first-16-bytes-of-an-sha1-hash-in-node-js,,node-crypto
15,https://stackoverflow.com/questions/63184850/does-nodes-crypto-decipher-always-throw-an-error-if-the-password-is-wrong,,node-crypto
16,https://stackoverflow.com/questions/63166615/nodejs-cryptojsencrypt-rsa-routinesrsa-padding-check-pkcs1-oaep-mgf1oaep,,node-crypto
17,https://stackoverflow.com/questions/62813904/node-js-decipher-final-throws-wrong-final-block-length-error,,node-crypto
18,https://stackoverflow.com/questions/35532660/compatibility-between-node-crypto-and-crypto-js-encryption-and-decryption,,node-crypto
19,https://stackoverflow.com/questions/60654006/trying-to-decrypt-an-encrypted-key-generated-using-aes-256aes-ecb-pkcs7padding,,node-crypto
20,https://stackoverflow.com/questions/61091663/how-to-decrypt-a-hex-buffer-with-rc4,,node-crypto
21,https://stackoverflow.com/questions/53127530/encrypt-in-cryptojs-and-decrypt-in-nodejs-crypto-module,,node-crypto
22,https://stackoverflow.com/questions/51493662/how-to-encrypt-and-decrypt-string-object-in-nodejs,,node-crypto
23,https://stackoverflow.com/questions/16144274/do-i-need-to-install-crypto-module-from-npm,,node-crypto
24,https://stackoverflow.com/questions/59170085/aes-256-gcm-encryption-decryption-does-not-work-on-android-device,,node-crypto
25,https://stackoverflow.com/questions/57477574/php-aes-encryption-into-nodejs-using-crypto-module,,node-crypto
1,https://stackoverflow.com/questions/19846020/how-to-map-a-openssls-cipher-list-to-java-jsse,,openssl
2,https://stackoverflow.com/questions/41886533/use-client-cert-and-tls-rsa-with-aes-256-cbc-sha-and-other-cipher-suites,,openssl
3,https://stackoverflow.com/questions/32483878/mapping-rfc-names-to-openssl,,openssl
4,https://stackoverflow.com/questions/41886533/use-client-cert-and-tls-rsa-with-aes-256-cbc-sha-and-other-cipher-suites,,openssl
5,https://stackoverflow.com/questions/15185661/update-openssl-on-os-x-with-homebrew,,openssl
6,https://stackoverflow.com/questions/66928838/generation-of-symetric-key-aes-256-cbc-with-php-openssl,,openssl
7,https://stackoverflow.com/questions/66879361/cannot-convert-php-openssl-iv-to-node-js,,openssl
8,https://stackoverflow.com/questions/66861914/create-pem-file-with-objective-c-and-openssl,,openssl
9,https://stackoverflow.com/questions/66852893/openssl-decrypt-function-is-returning-false,,openssl
10,https://stackoverflow.com/questions/66742361/how-can-i-use-openssl-decrypt-as-a-java,,openssl
11,https://stackoverflow.com/questions/66693410/openssl-decrypt-php-to-cryptojs,,openssl
12,https://stackoverflow.com/questions/66666185/cant-refer-to-evp-digestsign-and-evp-digestverify-when-make-check-ossleddsatest,,openssl
13,https://stackoverflow.com/questions/66470453/how-to-digitally-sign-data-using-p8-form-private-key-in-php-and-verify-it-using,,openssl
14,https://stackoverflow.com/questions/66397184/ruby-code-for-openssl-to-generate-sha256-fingerprint-of-pkcs1-pem-format-rsa-pr,,openssl
15,https://stackoverflow.com/questions/66356429/how-can-i-solve-this-openssl-evp-decryptfinal-exbad-decrypt-error-in-php,,openssl
16,https://stackoverflow.com/questions/67707058/what-is-the-equivalent-of-this-function-in-javascript-nodejs,,openssl
17,https://stackoverflow.com/questions/35254883/avoid-sending-tls-empty-renegotiation-info-scsv-cipher-in-tls-client-hello,,openssl
18,https://stackoverflow.com/questions/25482199/verify-a-certificate-chain-using-openssl-verify,,openssl
19,https://stackoverflow.com/questions/32211301/ssl-error-ssl3-get-server-certificatecertificate-verify-failed,,openssl
20,https://stackoverflow.com/questions/10175812/how-to-generate-a-self-signed-ssl-certificate-using-openssl,,openssl
21,https://stackoverflow.com/questions/67610435/openssl-aes-cbc-256-decrypting-without-original-text-length-in-c,,openssl
22,https://stackoverflow.com/questions/67596963/aes-cbc-256-decryption-failed-in-c-openssl,,openssl
23,https://stackoverflow.com/questions/51560964/how-to-upgrade-openssl-from-1-0-2g-to-1-1-0g-in-ubuntu-and-let-python-recognize,,openssl
24,https://stackoverflow.com/questions/45494630/how-to-build-openssl-on-windows-with-visual-studio-2017,,openssl
25,https://stackoverflow.com/questions/11725991/is-it-possible-to-prevent-man-in-the-middle-attack-when-using-self-signed-certif,,openssl
1,https://stackoverflow.com/questions/67346549/rsa-encryption-encrypt-in-php-phpseclib-and-decrypt-in-javascript-crypto-sub,,phpseclib
2,https://stackoverflow.com/questions/51646193/rsa-encrypt-has-problems-with-my-public-key,,phpseclib
3,https://stackoverflow.com/questions/35843387/phpseclib-giving-no-compatible-server-or-client-encryption-algorithms-found-in,,phpseclib
4,https://stackoverflow.com/questions/49343785/verifying-a-rsa-signature-with-nodejs-signed-with-phpseclib,,phpseclib
5,https://stackoverflow.com/questions/29688283/ecdsa-key-and-csr-with-phpseclib,,phpseclib
6,https://stackoverflow.com/questions/63591070/decryption-using-pbewithmd5andtripledes-in-php,,phpseclib
7,https://stackoverflow.com/questions/63595374/how-to-get-complete-decryption-when-using-phpseclib-php-7-to-replace-deprecate,,phpseclib
8,https://stackoverflow.com/questions/62998681/verify-signature-of-private-key-by-public-key-between-sender-and-receiver-in-php,,phpseclib
9,https://stackoverflow.com/questions/57943246/how-to-decrypt-data-using-phpseclib-class-crypt-rsa-that-was-encrypted-by-travis,,phpseclib
10,https://stackoverflow.com/questions/28594577/phpseclib-x509-setdomain-on-csr,,phpseclib
11,https://stackoverflow.com/questions/61090884/php-authentication-with-ppk-rsa-pkcs8,,phpseclib
12,https://stackoverflow.com/questions/60883761/generate-signature-of-rsa-key-give-wrong-data,,phpseclib
13,https://stackoverflow.com/questions/60816044/phpseclib-2-0-generates-different-signature-than-any-other-library-with-same-par,,phpseclib
14,https://stackoverflow.com/questions/60741959/how-to-install-phpseclib-under-centos-8,,phpseclib
15,https://stackoverflow.com/questions/60028601/cant-install-latest-git-version-of-branch-via-composer,,phpseclib
16,https://stackoverflow.com/questions/59964941/decrypt-data-using-php-that-was-encrypted-with-rijndael-c,,phpseclib
17,https://stackoverflow.com/questions/59263160/how-to-fix-invalid-key-format-while-read-public-or-private-key-from-file,,phpseclib
18,https://stackoverflow.com/questions/59356777/signature-vertification-failed-in-google-play-purchase,,phpseclib
19,https://stackoverflow.com/questions/59331626/phpseclib-not-verifying-a-signature-generated-in-window-subtlecrypto,,phpseclib
20,https://stackoverflow.com/questions/58999065/is-phpseclib-1-0-compatible-with-php-7-3,,phpseclib
21,https://stackoverflow.com/questions/58845378/how-do-you-download-phpseclib-on-centos7,,phpseclib
22,https://stackoverflow.com/questions/58838245/cant-change-directory-using-phpseclib-library,,phpseclib
23,https://stackoverflow.com/questions/33332408/rsa-encryption-in-php,,phpseclib
24,https://stackoverflow.com/questions/58552819/rsa-generate-public-key-from-n-and-e-in-python-and-php-give-me-two-different-pu,,phpseclib
25,https://stackoverflow.com/questions/58468087/why-i-get-this-exception-by-trying-to-decrypt-rsa-with-java-but-encrypted-with-p,,phpseclib
1,https://stackoverflow.com/questions/41843266/microsoft-windows-python-3-6-pycrypto-installation-error,,pycrypto
2,https://stackoverflow.com/questions/19623267/importerror-no-module-named-crypto-cipher,,pycrypto
3,https://stackoverflow.com/questions/44951456/pip-error-microsoft-visual-c-14-0-is-required,,pycrypto
4,https://stackoverflow.com/questions/9197507/saving-rsa-keys-to-a-file-using-pycrypto,,pycrypto
5,https://stackoverflow.com/questions/66862391/aes-128-cbc-encryption-in-python,,pycrypto
6,https://stackoverflow.com/questions/38483378/how-to-aes-decrypt-data-encrypted-in-javascript-with-python,,pycrypto
7,https://stackoverflow.com/questions/61022346/pycharm-says-no-module-named-crypto,,pycrypto
8,https://stackoverflow.com/questions/66295205/default-mode-in-crypto-cipher-aes-new,,pycrypto
9,https://stackoverflow.com/questions/25816942/how-to-encrypt-decrypt-aes-key-with-rsa-and-store-in-a-textfile,,pycrypto
10,https://stackoverflow.com/questions/4232389/signing-and-verifying-data-using-pycrypto-rsa,,pycrypto
11,https://stackoverflow.com/questions/43987779/python-module-crypto-cipher-aes-has-no-attribute-mode-ccm-even-though-pycry,,pycrypto
12,https://stackoverflow.com/questions/65114881/why-aes-is-not-decrypting-my-encrypted-text,,pycrypto
13,https://stackoverflow.com/questions/64729423/aes-encryption-with-cbc-mode-in-python-128-bit-keys,,pycrypto
14,https://stackoverflow.com/questions/64126653/decrypting-aes-cbc-in-python-from-openssl-aes,,pycrypto
15,https://stackoverflow.com/questions/50080459/failed-installing-pycrypto-with-pip,,pycrypto
16,https://stackoverflow.com/questions/52340660/cl-exe-failed-with-exit-status-2-while-installing-pycrypto,,pycrypto
17,https://stackoverflow.com/questions/21327491/using-pycrypto-how-to-import-a-rsa-public-key-and-use-it-to-encrypt-a-string,,pycrypto
18,https://stackoverflow.com/questions/11567290/cryptojs-and-pycrypto-working-together,,pycrypto
19,https://stackoverflow.com/questions/62873401/how-to-use-aes-encryption-and-decryption-from-scala-to-python,,pycrypto
20,https://stackoverflow.com/questions/36762098/how-to-decrypt-password-from-javascript-cryptojs-aes-encryptpassword-passphras,,pycrypto
21,https://stackoverflow.com/questions/38045324/how-to-encrypt-data-with-rsa-private-key-in-python,,pycrypto
22,https://stackoverflow.com/questions/61131316/need-public-private-rsa-keys-for-encrypting-in-java-and-decrypting-in-python,,pycrypto
23,https://stackoverflow.com/questions/16761458/how-to-decrypt-openssl-aes-encrypted-files-in-python,,pycrypto
24,https://stackoverflow.com/questions/12524994/encrypt-decrypt-using-pycrypto-aes-256,,pycrypto
25,https://stackoverflow.com/questions/7842770/how-to-use-pip-install-where-one-requirement-has-dependency-on-version-on-gcc-4,,pycrypto
1,https://stackoverflow.com/questions/60837051/how-to-load-a-pkcs12-keystore-using-python,,pyopenssl
2,https://stackoverflow.com/questions/51560964/how-to-upgrade-openssl-from-1-0-2g-to-1-1-0g-in-ubuntu-and-let-python-recognize,,pyopenssl
3,https://stackoverflow.com/questions/5789193/extracting-public-key-from-certificate-and-encrypting-data,,pyopenssl
4,https://stackoverflow.com/questions/29801744/get-pfx-cert-file-expiration-with-pyopenssl,,pyopenssl
5,https://stackoverflow.com/questions/49491732/pyopenssl-how-can-i-get-sansubject-alternative-names-list,,pyopenssl
6,https://stackoverflow.com/questions/64644890/python-ssl-eqivalent-of-openssl-s-client-showcerts-how-to-get-list-of-cas-fo,,pyopenssl
7,https://stackoverflow.com/questions/23103878/sign-csr-from-client-using-ca-root-certificate-in-python,,pyopenssl
8,https://stackoverflow.com/questions/6345786/python-reading-a-pkcs12-certificate-with-pyopenssl-crypto,,pyopenssl
9,https://stackoverflow.com/questions/43267157/python-attributeerror-module-object-has-no-attribute-ssl-st-init,,pyopenssl
10,https://stackoverflow.com/questions/45188413/python-pip-install-is-failing-with-attributeerror-module-object-has-no-att,,pyopenssl
11,https://stackoverflow.com/questions/46553338/how-to-verify-certificate-signature-in-pyopenssl,,pyopenssl
12,https://stackoverflow.com/questions/36562156/can-someone-explain-this-callback-function-for-ssl-certificates,,pyopenssl
13,https://stackoverflow.com/questions/57257544/encrypting-private-key-in-python,,pyopenssl
14,https://stackoverflow.com/questions/63901610/tls-handshake-not-completing,,pyopenssl
15,https://stackoverflow.com/questions/63214304/how-to-check-a-website-for-sslv2-or-sslv3,,pyopenssl
16,https://stackoverflow.com/questions/9001316/how-to-install-openssl-for-python,,pyopenssl
17,https://stackoverflow.com/questions/62651383/python-pyopenssl-signed-certificate-error-firefox-sec-error-reused-issuer-and,,pyopenssl
18,https://stackoverflow.com/questions/62310878/how-to-load-all-the-certificates-in-a-pem-encoded-certificate-chain,,pyopenssl
19,https://stackoverflow.com/questions/62243123/python-pyopenssl-server-doesnt-negotiate-tls-1-3,,pyopenssl
20,https://stackoverflow.com/questions/44404084/python-requests-library-using-tlsv1-or-tlsv1-1-despite-upgrading-to-python-2-7,,pyopenssl
21,https://stackoverflow.com/questions/38782787/read-certificate-crt-and-key-key-file-in-python,,pyopenssl
22,https://stackoverflow.com/questions/44164399/how-to-extract-the-signature-from-an-x509-certificate,,pyopenssl
23,https://stackoverflow.com/questions/45104923/pyopenssls-pkcs7-object-provide-very-little-information-how-can-i-get-the-sha1,,pyopenssl
24,https://stackoverflow.com/questions/2146383/https-connection-python,,pyopenssl
25,https://stackoverflow.com/questions/58688558/pyopenssl-cant-set-x509-certificate-cert-must-be-an-x509-instance,,pyopenssl
1,https://stackoverflow.com/questions/53987423/how-to-perform-sha256-hash-using-sjcl-hash-sha256-hash-on-a-file-content,,sjcl
2,https://stackoverflow.com/questions/46346121/how-to-generate-a-symmetric-key-using-sjcl,,sjcl
3,https://stackoverflow.com/questions/24211586/how-to-use-stanford-prng-to-generate-a-random-string,,sjcl
4,https://stackoverflow.com/questions/45167987/sjcl-library-decryption-issue,,sjcl
5,https://stackoverflow.com/questions/32662918/invalid-aes-block-size-sjcl-decryption,,sjcl
6,https://stackoverflow.com/questions/32192697/sjcl-cbc-mode-not-decrypting,,sjcl
7,https://stackoverflow.com/questions/30006673/sjcl-key-generation,,sjcl
8,https://stackoverflow.com/questions/13563859/decryption-of-aes-created-with-sjcl-js-in-ruby,,sjcl
9,https://stackoverflow.com/questions/16752924/good-stanford-javascript-crypto-library-sjcl-examples-js-cryptography,,sjcl
10,https://stackoverflow.com/questions/26734033/encrypting-files-with-sjcl-client-side,,sjcl
11,https://stackoverflow.com/questions/21775317/javascript-crypto-sjcl-gcm-not-decrypting-what-i-encrypted,,sjcl
12,https://stackoverflow.com/questions/21163474/how-to-decrypt-in-sjcl-using-256-bit-key,,sjcl
13,https://stackoverflow.com/questions/13705850/is-sjcl-encrypt-using-aes-or-sha256,,sjcl
14,https://stackoverflow.com/questions/20821085/how-to-decrypt-aes-with-sjcl,,sjcl
15,https://stackoverflow.com/questions/25127629/decrypting-sjcl-encrypted-strings-in-android,,sjcl
16,https://stackoverflow.com/questions/11982073/encrypt-in-javascript-with-sjcl-and-decrypt-in-php,,sjcl
17,https://stackoverflow.com/questions/36241056/is-it-possible-to-use-bcrypt-or-scrypt-as-an-alternative-to-pbkdf2-in-sjcl,,sjcl
18,https://stackoverflow.com/questions/11043441/issue-invoking-stanford-javascript-library-encryption-function-from-javascript-e,,sjcl
19,https://stackoverflow.com/questions/17871069/rncryptor-ios-javascript-encryption-decryption-aes-256,,sjcl
20,https://stackoverflow.com/questions/21700840/how-do-i-implement-public-private-key-cryptography-in-sjcl,,sjcl
21,https://stackoverflow.com/questions/22325272/how-to-use-elliptic-curves-diffie-hellman-with-sjcl-in-js-and-openssl-in-ruby,,sjcl
22,https://stackoverflow.com/questions/12608458/getting-hex-representation-of-sha256-hash-using-sjcl,,sjcl
23,https://stackoverflow.com/questions/11135420/elliptic-curve-cryptography-with-sjcl-in-js-and-openssl-in-ruby,,sjcl
24,https://stackoverflow.com/questions/23074176/crypto-is-sjcl-javascript-encryption-compatible-with-openssl,,sjcl
25,https://stackoverflow.com/questions/22973051/use-javascript-library-in-android-application,,sjcl
1,https://stackoverflow.com/questions/49078962/signature-sha256withecdsa-implementation-not-found,,spongycastle
2,https://stackoverflow.com/questions/43532954/android-encrypting-string-using-rsa-public-key,,spongycastle
3,https://stackoverflow.com/questions/48939467/spongy-castle-rsa-encryption-decryption-with-android-keystore,,spongycastle
4,https://stackoverflow.com/questions/25828216/spongycastle-provider-not-working-on-android,,spongycastle
5,https://stackoverflow.com/questions/45230871/read-write-certificate-signing-request-on-android-spongycastle,,spongycastle
6,https://stackoverflow.com/questions/46531114/base64-encode-decode-in-ecc-encrypt-and-decrypt,,spongycastle
7,https://stackoverflow.com/questions/60180890/need-basic-encryption-understanding-from-existing-android-code,,spongycastle
8,https://stackoverflow.com/questions/24024555/create-rsaprivatekey-from-pem-encoded-string,,spongycastle
9,https://stackoverflow.com/questions/6898801/how-to-include-the-spongy-castle-jar-in-android,,spongycastle
10,https://stackoverflow.com/questions/35486292/android-spongy-castle-gradle-dependencies,,spongycastle
11,https://stackoverflow.com/questions/55123228/java-security-nosuchalgorithmexception-no-such-algorithm-ecdsa-for-provider-bc,,spongycastle
12,https://stackoverflow.com/questions/45912286/install-androidkeystore-entry-to-androidcastore,,spongycastle
13,https://stackoverflow.com/questions/53885629/is-decoding-of-pkcs8-key-from-base64-encoded-asn1-structure-fault-tolerant,,spongycastle
14,https://stackoverflow.com/questions/45922643/iv-for-encryption-conversion-expected-iv-length-of-16-but-was-24,,spongycastle
15,https://stackoverflow.com/questions/49495034/cant-initialise-keystore-on-samsung-android,,spongycastle
16,https://stackoverflow.com/questions/40148760/android-invalidkeyspecexception-encoded-key-spec-not-recognised,,spongycastle
17,https://stackoverflow.com/questions/7331216/how-to-encrypt-and-decrypt-a-file-using-spongy-castle-for-android,,spongycastle
18,https://stackoverflow.com/questions/48309124/android-verify-signature-always-returns-false,,spongycastle
19,https://stackoverflow.com/questions/36759214/add-spongycastle-as-provider-to-android-studio,,spongycastle
20,https://stackoverflow.com/questions/22518092/read-encrypted-pkcs8-spongycastle-java,,spongycastle
21,https://stackoverflow.com/questions/43691173/does-spongycastle-support-derobject-class,,spongycastle
22,https://stackoverflow.com/questions/51073259/difference-between-rsa-oaep-and-rsa-pkcs1-5/51090609,,spongycastle
23,https://stackoverflow.com/questions/40155888/how-can-i-generate-a-valid-ecdsa-ec-key-pair,,spongycastle
24,https://stackoverflow.com/questions/38147311/xamarin-android-binding-spongy-castle-bouncy-castle,,spongycastle
25,https://stackoverflow.com/questions/35713800/android-spongycastle-ecdh-secp384r1-key-size-incorrect,,spongycastle
1,https://stackoverflow.com/questions/64521474/how-to-enable-subtlecrypto-in-insecure-context-for-testing,,webcrypto-api
2,https://stackoverflow.com/questions/66702232/disable-crypto-padding,,webcrypto-api
3,https://stackoverflow.com/questions/67376794/ecdh-for-p-521-web-crypto-api-secp521r1-nodejs-crypto-generate-a-slightly,,webcrypto-api
4,https://stackoverflow.com/questions/55390714/aes-gcm-encrypt-in-nodejs-and-decrypt-in-browser,,webcrypto-api
5,https://stackoverflow.com/questions/66155504/webcrypto-api-domexception-the-provided-data-is-too-small,,webcrypto-api
6,https://stackoverflow.com/questions/55189704/nodejs-crypto-fails-to-verify-signature-created-by-web-crypto-api,,webcrypto-api
7,https://stackoverflow.com/questions/65783446/migrate-from-cryptojs-library-to-web-crypto-api,,webcrypto-api
8,https://stackoverflow.com/questions/65279530/given-a-certificate-how-can-i-determine-what-algorithms-and-formats-are-useable,,webcrypto-api
9,https://stackoverflow.com/questions/64134353/web-crypto-api-how-to-encrypt-data-with-imported-rsa-public-key-and-decrypt-dat,,webcrypto-api
10,https://stackoverflow.com/questions/39554165/ecdsa-signatures-between-node-js-and-webcrypto-appear-to-be-incompatible,,webcrypto-api
11,https://stackoverflow.com/questions/33216843/sign-pdf-with-plain-javascript,,webcrypto-api
12,https://stackoverflow.com/questions/63736585/why-does-crypto-subtle-digest-return-an-empty-object,,webcrypto-api
13,https://stackoverflow.com/questions/63595996/unable-to-decrypt-rsa-oaep-message-encrypted-with-pycryptodome-using-subtlecrypt,,webcrypto-api
14,https://stackoverflow.com/questions/52117763/ecdh-between-c-sharp-and-javascript,,webcrypto-api
15,https://stackoverflow.com/questions/62141756/export-rsa-key-pair-with-webcrypto-in-chromium,,webcrypto-api
16,https://stackoverflow.com/questions/62113043/generate-rsa-key-pair-with-webcrypto-in-chromium,,webcrypto-api
17,https://stackoverflow.com/questions/60122638/web-crypto-api-throws-domexception-on-aes-decryption,,webcrypto-api
18,https://stackoverflow.com/questions/59514734/encrypting-large-files-using-the-webcrypto-api,,webcrypto-api
19,https://stackoverflow.com/questions/48521183/web-crypto-api-cannot-import-openssl-keys,,webcrypto-api
20,https://stackoverflow.com/questions/57840195/using-ruby-to-verify-web-crypto-subtlecrypto-key-signature,,webcrypto-api
21,https://stackoverflow.com/questions/49747489/curve25519-ecdh-in-webcrypto,,webcrypto-api
22,https://stackoverflow.com/questions/56807959/generate-public-key-from-private-key-using-webcrypto-api,,webcrypto-api
23,https://stackoverflow.com/questions/56955995/is-deriving-a-128-bits-aes-key-with-pbkdf2-using-sha-256-possible,,webcrypto-api
24,https://stackoverflow.com/questions/55849585/use-webcrypto-api-to-encrypt-decrypt-data-with-encryption-key-generated-from-str,,webcrypto-api
25,https://stackoverflow.com/questions/40314257/export-webcrypto-key-to-pem-format,,webcrypto-api
1,https://stackoverflow.com/questions/65639721/could-not-parse-pkcs7-certificate-using-wolfssl-but-same-could-be-parsed-by-open,,WolfSSL
2,https://stackoverflow.com/questions/36879533/aes-in-ecb-mode-using-wolfcrypt,,WolfSSL
3,https://stackoverflow.com/questions/46867766/failure-with-alert-error-42-when-connecting-to-aws-iot,,WolfSSL
4,https://stackoverflow.com/questions/48778196/wc-rsassl-verify-returns-bad-func-arg-and-i-cant-tell-why,,WolfSSL
5,https://stackoverflow.com/questions/55097575/how-to-static-build-and-include-wolfssl-on-windows,,WolfSSL
6,https://stackoverflow.com/questions/56581652/configuration-issue-with-wolfssl-and-atecc508a,,WolfSSL
7,https://stackoverflow.com/questions/56786160/certificate-sanity-check-using-wolfssl,,WolfSSL
8,https://stackoverflow.com/questions/57266277/wolfssl-dtls-negotiation-fails-when-client-and-server-use-different-versions,,WolfSSL
9,https://stackoverflow.com/questions/65639721/could-not-parse-pkcs7-certificate-using-wolfssl-but-same-could-be-parsed-by-open,,WolfSSL
10,https://stackoverflow.com/questions/44900505/tls-handshake-fails-even-though-ciphersuites-in-common,,WolfSSL
11,https://stackoverflow.com/questions/41871031/stm32f437-hardware-crypto-functions-integration-with-wolfssl,,WolfSSL
12,https://stackoverflow.com/questions/35341394/ssl-handshake-failure-after-clienthello,,WolfSSL
13,https://stackoverflow.com/questions/20974965/cyassl-2-4-2-missing-libcyassl-a-file,,WolfSSL
14,https://stackoverflow.com/questions/41009559/makefile-always-calling-the-last-target,,WolfSSL
15,https://stackoverflow.com/questions/39954366/clash-on-using-external-variable-arm,,WolfSSL
16,https://stackoverflow.com/questions/41733037/how-to-build-wolfssl-shared-lib-on-ubuntu-x64,,WolfSSL
17,https://stackoverflow.com/questions/32507367/wolfssl-on-freertos-communication-with-linux,,WolfSSL
18,https://stackoverflow.com/questions/39994824/how-to-verify-ecc-signature-from-wolfssl-with-openssl,,WolfSSL
19,https://stackoverflow.com/questions/37217462/trouble-with-handshake-with-wolfssl,,WolfSSL
20,https://stackoverflow.com/questions/65940078/dtls-helloverifyrequest-helloretryrequest-in-wolfssl,,WolfSSL
21,https://stackoverflow.com/questions/61776963/unable-to-make-ssh-connection-to-cisco-ios-device-using-wolfssh-library,,WolfSSL
22,https://stackoverflow.com/questions/37221522/wolfssl-read-returns-0,,WolfSSL
23,https://stackoverflow.com/questions/29218442/segmentation-fault-when-using-cyassl-keygen,,WolfSSL
24,https://stackoverflow.com/questions/33555851/how-to-import-export-java-ec-keys-to-from-x9-63-encoding-with-java-8,,WolfSSL
25,https://stackoverflow.com/questions/65820322/wolfssl-base-layer-info,,WolfSSL